timestamps,EC1_Compressor_Running_Speed,AC_Set_Speed,AC_Enable_Disable_Compressor,AcDrvrIsRunOk
0.0,0.0,0,0,0
0.09999999999999432,0.0,0,0,0
0.19999999999998863,0.0,0,0,0
0.29999999999998295,0.0,0,0,0
0.39999999999997726,0.0,0,0,0
0.4999999999999716,0.0,0,0,0
0.5999999999999659,0.0,0,0,0
0.6999999999999602,0.0,0,0,0
0.7999999999999545,0.0,0,0,0
0.8999999999999488,0.0,0,0,0
0.9999999999999432,0.0,0,0,0
1.0999999999999375,0.0,0,0,0
1.1999999999999318,0.0,0,0,0
1.299999999999926,0.0,0,0,0
1.3999999999999204,0.0,0,0,0
1.4999999999999147,0.0,0,0,0
1.599999999999909,0.0,0,0,0
1.6999999999999034,0.0,0,0,0
1.7999999999998977,0.0,0,0,0
1.899999999999892,0.0,0,0,0
1.9999999999998863,0.0,0,0,0
2.0999999999998806,0.0,0,0,0
2.199999999999875,0.0,0,0,0
2.2999999999998693,0.0,0,0,0
2.3999999999998636,0.0,0,0,0
2.499999999999858,0.0,0,0,0
2.599999999999852,0.0,0,0,0
2.6999999999998465,0.0,0,0,0
2.799999999999841,0.0,0,0,0
2.899999999999835,0.0,0,0,0
2.9999999999998295,0.0,0,0,0
3.099999999999824,0.0,0,0,0
3.199999999999818,0.0,0,0,0
3.2999999999998124,0.0,0,0,0
3.3999999999998067,0.0,0,0,0
3.499999999999801,0.0,0,0,0
3.5999999999997954,0.0,0,0,0
3.6999999999997897,0.0,0,0,0
3.799999999999784,0.0,0,0,0
3.8999999999997783,0.0,0,0,0
3.9999999999997726,0.0,0,0,0
4.099999999999767,0.0,0,0,0
4.199999999999761,0.0,0,0,0
4.299999999999756,0.0,0,0,0
4.39999999999975,0.0,0,0,0
4.499999999999744,0.0,0,0,0
4.5999999999997385,0.0,0,0,0
4.699999999999733,0.0,0,0,0
4.799999999999727,0.0,0,0,0
4.8999999999997215,0.0,0,0,0
4.999999999999716,0.0,0,0,0
5.09999999999971,0.0,0,0,0
5.199999999999704,0.0,0,0,0
5.299999999999699,0.0,0,0,0
5.399999999999693,0.0,0,0,0
5.499999999999687,0.0,0,0,0
5.599999999999682,0.0,0,0,0
5.699999999999676,0.0,0,0,0
5.79999999999967,0.0,0,0,0
5.899999999999665,0.0,0,0,0
5.999999999999659,0.0,0,0,0
6.099999999999653,0.0,0,0,0
6.199999999999648,0.0,0,0,0
6.299999999999642,0.0,0,0,0
6.399999999999636,0.0,0,0,0
6.4999999999996305,0.0,0,0,0
6.599999999999625,0.0,0,0,0
6.699999999999619,0.0,0,0,0
6.7999999999996135,0.0,0,0,0
6.899999999999608,0.0,1007,1,0
6.999999999999602,0.0,1075,1,0
7.099999999999596,0.0,1075,1,0
7.199999999999591,59.0,1075,1,0
7.299999999999585,107.5,1075,1,1
7.399999999999579,179.0,1075,1,1
7.499999999999574,229.0,1075,1,1
7.599999999999568,267.0,1075,1,1
7.699999999999562,321.0,1075,1,1
7.799999999999557,365.0,1075,1,1
7.899999999999551,421.0,1075,1,1
7.999999999999545,471.0,1075,1,1
8.09999999999954,528.0,1075,1,1
8.199999999999534,585.0,1075,1,1
8.299999999999528,639.0,1075,1,1
8.399999999999523,700.0,1075,1,1
8.499999999999517,757.0,1075,1,1
8.599999999999511,814.0,1075,1,1
8.699999999999505,869.0,1075,1,1
8.7999999999995,927.0,1075,1,1
8.899999999999494,986.0,1075,1,1
8.999999999999488,1050.0,1075,1,1
9.099999999999483,1121.0,1075,1,1
9.199999999999477,1187.5,1075,1,1
9.299999999999471,1303.0,1075,1,1
9.399999999999466,1384.0,1075,1,1
9.49999999999946,1473.0,1075,1,1
9.599999999999454,1555.5,1075,1,1
9.699999999999449,1530.0,1075,1,1
9.799999999999443,1423.0,1075,1,1
9.899999999999437,1327.5,1075,1,1
9.999999999999432,1253.5,1075,1,1
10.099999999999426,1182.0,1075,1,1
10.19999999999942,1109.5,1075,1,1
10.299999999999415,1057.0,1075,1,1
10.399999999999409,1067.0,1075,1,1
10.499999999999403,1070.0,1075,1,1
10.599999999999397,1072.0,1075,1,1
10.699999999999392,1073.5,1075,1,1
10.799999999999386,1073.5,1075,1,1
10.89999999999938,1073.0,1075,1,1
10.999999999999375,1073.0,1075,1,1
11.099999999999369,1074.0,1075,1,1
11.199999999999363,1074.5,1075,1,1
11.299999999999358,1072.5,1075,1,1
11.399999999999352,1072.0,1075,1,1
11.499999999999346,1074.0,1075,1,1
11.59999999999934,1075.5,1075,1,1
11.699999999999335,1073.0,1075,1,1
11.79999999999933,1074.0,1075,1,1
11.899999999999324,1074.0,1067,1,1
11.999999999999318,1074.5,1142,1,1
12.099999999999312,1070.5,1217,1,1
12.199999999999307,1070.0,1292,1,1
12.2999999999993,1149.0,1367,1,1
12.399999999999295,1225.5,1442,1,1
12.49999999999929,1294.5,1517,1,1
12.599999999999284,1367.5,1592,1,1
12.699999999999278,1443.5,1667,1,1
12.799999999999272,1514.5,1742,1,1
12.899999999999267,1590.0,1817,1,1
12.999999999999261,1656.5,1892,1,1
13.099999999999255,1727.5,1967,1,1
13.19999999999925,1798.5,2042,1,1
13.299999999999244,1872.0,2117,1,1
13.399999999999238,1942.5,2192,1,1
13.499999999999233,2011.0,2267,1,1
13.599999999999227,2078.5,2342,1,1
13.699999999999221,2154.5,2417,1,1
13.799999999999216,2228.0,2492,1,1
13.89999999999921,2299.0,2567,1,1
13.999999999999204,2369.0,2642,1,1
14.099999999999199,2438.5,2717,1,1
14.199999999999193,2511.5,2792,1,1
14.299999999999187,2583.0,2867,1,1
14.399999999999181,2725.5,2942,1,1
14.499999999999176,2798.5,3017,1,1
14.59999999999917,2869.5,3092,1,1
14.699999999999164,2940.0,3167,1,1
14.799999999999159,3011.5,3242,1,1
14.899999999999153,3083.5,3317,1,1
14.999999999999147,3154.5,3392,1,1
15.099999999999142,3224.5,3467,1,1
15.199999999999136,3297.0,3542,1,1
15.29999999999913,3366.5,3617,1,1
15.399999999999125,3439.0,3692,1,1
15.499999999999119,3510.5,3767,1,1
15.599999999999113,3580.5,3842,1,1
15.699999999999108,3653.5,3917,1,1
15.799999999999102,3724.5,3992,1,1
15.899999999999096,3794.5,4067,1,1
15.99999999999909,3866.5,4142,1,1
16.099999999999085,3937.5,4217,1,0
16.19999999999908,4008.5,4292,1,0
16.299999999999073,4079.0,4367,1,0
16.399999999999068,4150.5,4442,1,0
16.499999999999062,4222.0,4517,1,0
16.599999999999056,4293.5,4592,1,0
16.69999999999905,4365.0,4667,1,0
16.799999999999045,4432.5,4742,1,0
16.89999999999904,4502.5,4817,1,0
16.999999999999034,4579.5,4892,1,0
17.099999999999028,4651.5,4967,1,0
17.199999999999022,4721.5,5042,1,0
17.299999999999017,4791.5,5117,1,0
17.39999999999901,4861.5,5192,1,0
17.499999999999005,4933.5,5267,1,0
17.599999999999,5005.5,5342,1,0
17.699999999998994,5077.5,5417,1,0
17.799999999998988,5150.0,5492,1,0
17.899999999998983,5216.5,5567,1,0
17.999999999998977,5290.5,5642,1,0
18.09999999999897,5363.5,5717,1,0
18.199999999998965,5434.5,5792,1,0
18.29999999999896,5505.5,5867,1,0
18.399999999998954,5577.5,5942,1,0
18.49999999999895,5648.5,6017,1,0
18.599999999998943,5718.5,6092,1,0
18.699999999998937,5791.5,6167,1,0
18.79999999999893,5859.5,6242,1,0
18.899999999998926,5933.5,6317,1,0
18.99999999999892,6002.5,6392,1,0
19.099999999998914,6073.5,6467,1,0
19.19999999999891,6146.5,6542,1,0
19.299999999998903,6216.5,6617,1,0
19.399999999998897,6288.5,6692,1,0
19.49999999999889,6359.0,6767,1,0
19.599999999998886,6431.0,6842,1,0
19.69999999999888,6503.0,6917,1,0
19.799999999998875,6573.5,6992,1,0
19.89999999999887,6644.5,7067,1,0
19.999999999998863,6715.5,7142,1,0
20.099999999998857,6787.5,7217,1,0
20.19999999999885,6856.5,7292,1,0
20.299999999998846,6929.5,7367,1,0
20.39999999999884,6999.5,7442,1,0
20.499999999998835,7072.5,7517,1,0
20.59999999999883,7140.5,7592,1,0
20.699999999998823,7213.5,7667,1,0
20.799999999998818,7285.5,7742,1,0
20.899999999998812,7355.5,7817,1,0
20.999999999998806,7426.5,7892,1,0
21.0999999999988,7502.5,7967,1,0
21.199999999998795,7569.5,8042,1,0
21.29999999999879,7640.5,8117,1,0
21.399999999998784,7711.5,8192,1,0
21.499999999998778,7782.5,8267,1,0
21.599999999998772,7853.5,8342,1,0
21.699999999998766,7924.5,8417,1,0
21.79999999999876,7996.0,8492,1,0
21.899999999998755,8068.0,8500,1,0
21.99999999999875,8139.5,8500,1,0
22.099999999998744,8211.0,8500,1,0
22.199999999998738,8283.5,8499,1,0
22.299999999998732,8352.5,8500,1,0
22.399999999998727,8425.0,8500,1,0
22.49999999999872,8496.0,8500,1,1
22.599999999998715,8512.5,8500,1,1
22.69999999999871,8486.0,8500,1,1
22.799999999998704,8494.0,8500,1,1
22.8999999999987,8498.5,8500,1,1
22.999999999998693,8498.0,8500,1,1
23.099999999998687,8499.0,8500,1,1
23.19999999999868,8499.0,8500,1,1
23.299999999998676,8499.0,8500,1,1
23.39999999999867,8500.5,8500,1,1
23.499999999998664,8499.5,8500,1,1
23.59999999999866,8498.5,8500,1,1
23.699999999998653,8498.0,8500,1,1
23.799999999998647,8499.0,8500,1,1
23.89999999999864,8499.5,8500,1,1
23.999999999998636,8498.0,8500,1,1
24.09999999999863,8498.0,8500,1,1
24.199999999998624,8499.5,8500,1,1
24.29999999999862,8498.0,8500,1,1
24.399999999998613,8501.0,8500,1,1
24.499999999998607,8500.5,8500,1,1
24.5999999999986,8499.0,8500,1,1
24.699999999998596,8500.0,8500,1,1
24.79999999999859,8500.5,8500,1,1
24.899999999998585,8499.5,8500,1,1
24.99999999999858,8495.0,8500,1,1
25.099999999998573,8501.5,8494,1,1
25.199999999998568,8499.5,8486,1,1
25.299999999998562,8486.5,8488,1,1
25.399999999998556,8483.0,8500,1,1
25.49999999999855,8495.0,8500,1,1
25.599999999998545,8505.5,8500,1,1
25.69999999999854,8497.5,8500,1,1
25.799999999998533,8497.0,8500,1,1
25.899999999998528,8500.5,8498,1,1
25.999999999998522,8497.0,8499,1,1
26.099999999998516,8498.0,8500,1,1
26.19999999999851,8499.0,8500,1,1
26.299999999998505,8499.5,8500,1,1
26.3999999999985,8498.0,8500,1,1
26.499999999998494,8499.0,8500,1,1
26.599999999998488,8499.5,8500,1,1
26.699999999998482,8499.0,8500,1,1
26.799999999998477,8498.5,8500,1,1
26.89999999999847,8498.0,8500,1,1
26.999999999998465,8500.0,8500,1,1
27.09999999999846,8499.5,8500,1,1
27.199999999998454,8498.5,8500,1,1
27.299999999998448,8498.0,8500,1,1
27.399999999998442,8501.0,8500,1,1
27.499999999998437,8500.5,8500,1,1
27.59999999999843,8499.0,8500,1,1
27.699999999998425,8500.0,8500,1,1
27.79999999999842,8499.5,8500,1,1
27.899999999998414,8499.0,8500,1,1
27.99999999999841,8500.5,8500,1,1
28.099999999998403,8498.5,8500,1,1
28.199999999998397,8497.0,8500,1,1
28.29999999999839,8499.5,8500,1,1
28.399999999998386,8498.5,8500,1,1
28.49999999999838,8498.0,8500,1,1
28.599999999998374,8499.5,8500,1,1
28.69999999999837,8499.0,8500,1,1
28.799999999998363,8499.0,8500,1,1
28.899999999998357,8499.5,8500,1,1
28.99999999999835,8499.0,8500,1,1
29.099999999998346,8500.5,8500,1,1
29.19999999999834,8497.0,8500,1,1
29.299999999998334,8499.0,8500,1,1
29.39999999999833,8500.0,8500,1,1
29.499999999998323,8499.5,8500,1,1
29.599999999998317,8497.0,8500,1,1
29.69999999999831,8500.0,8500,1,1
29.799999999998306,8500.5,8500,1,1
29.8999999999983,8499.0,8500,1,1
29.999999999998295,8500.0,8500,1,1
30.09999999999829,8499.5,8500,1,1
30.199999999998283,8498.5,8500,1,1
30.299999999998278,8498.0,8500,1,1
30.399999999998272,8498.0,8500,1,1
30.499999999998266,8499.0,8500,1,1
30.59999999999826,8499.5,8500,1,1
30.699999999998255,8498.0,8500,1,1
30.79999999999825,8499.0,8500,1,1
30.899999999998244,8499.5,8500,1,1
30.999999999998238,8499.0,8500,1,1
31.099999999998232,8500.5,8500,1,1
31.199999999998226,8500.0,8500,1,1
31.29999999999822,8500.0,8500,1,1
31.399999999998215,8500.0,8500,1,1
31.49999999999821,8499.5,8500,1,1
31.599999999998204,8499.0,8500,1,1
31.699999999998198,8499.0,8500,1,1
31.799999999998192,8499.5,8500,1,1
31.899999999998187,8499.0,8500,1,1
31.99999999999818,8499.0,8500,1,1
32.099999999998175,8499.5,8500,1,1
32.19999999999817,8499.0,8500,1,1
32.299999999998164,8499.0,8500,1,1
32.39999999999816,8499.5,8500,1,1
32.49999999999815,8496.0,8500,1,1
32.59999999999815,8497.0,8500,1,1
32.69999999999814,8499.5,8500,1,1
32.799999999998136,8501.0,8500,1,1
32.89999999999813,8500.5,8500,1,1
32.999999999998124,8499.0,8500,1,1
33.09999999999812,8499.5,8500,1,1
33.19999999999811,8499.0,8500,1,1
33.29999999999811,8499.0,8500,1,1
33.3999999999981,8500.5,8500,1,1
33.499999999998096,8499.5,8500,1,1
33.59999999999809,8497.5,8500,1,1
33.699999999998084,8497.0,8500,1,1
33.79999999999808,8501.5,8500,1,1
33.89999999999807,8499.5,8500,1,1
33.99999999999807,8499.0,8500,1,1
34.09999999999806,8499.0,8500,1,1
34.199999999998056,8498.5,8500,1,1
34.29999999999805,8498.0,8500,1,1
34.399999999998045,8502.5,8500,1,1
34.49999999999804,8495.0,8500,1,1
34.59999999999803,8500.5,8500,1,1
34.69999999999803,8498.5,8500,1,1
34.79999999999802,8498.0,8500,1,1
34.899999999998016,8501.5,8500,1,1
34.99999999999801,8500.5,8500,1,1
35.099999999998005,8496.0,8500,1,1
35.199999999998,8499.0,8500,1,1
35.29999999999799,8501.5,8500,1,1
35.39999999999799,8498.0,8500,1,1
35.49999999999798,8501.0,8500,1,1
35.599999999997976,8500.5,8500,1,1
35.69999999999797,8494.0,8500,1,1
35.799999999997965,8500.0,8500,1,1
35.89999999999796,8502.0,8500,1,1
35.999999999997954,8502.5,8500,1,1
36.09999999999795,8496.0,8500,1,1
36.19999999999794,8498.0,8500,1,1
36.29999999999794,8501.5,8500,1,1
36.39999999999793,8496.0,8500,1,1
36.499999999997925,8499.0,8500,1,1
36.59999999999792,8500.0,8500,1,1
36.699999999997914,8500.5,8500,1,1
36.79999999999791,8495.0,8500,1,1
36.8999999999979,8500.0,8500,1,1
36.9999999999979,8500.5,8500,1,1
37.09999999999789,8499.5,8500,1,1
37.199999999997885,8496.0,8500,1,1
37.29999999999788,8498.0,8500,1,1
37.399999999997874,8501.5,8500,1,1
37.49999999999787,8498.0,8500,1,1
37.59999999999786,8498.0,8500,1,1
37.69999999999786,8501.5,8500,1,1
37.79999999999785,8498.0,8500,1,1
37.899999999997846,8500.0,8500,1,1
37.99999999999784,8500.5,8500,1,1
38.099999999997834,8499.0,8500,1,1
38.19999999999783,8499.0,8500,1,1
38.29999999999782,8500.0,8500,1,1
38.39999999999782,8500.5,8500,1,1
38.49999999999781,8498.5,8500,1,1
38.599999999997806,8496.0,8500,1,1
38.6999999999978,8500.0,8500,1,1
38.799999999997794,8500.5,8500,1,1
38.89999999999779,8498.5,8500,1,1
38.99999999999778,8498.0,8500,1,1
39.09999999999778,8498.0,8500,1,1
39.19999999999777,8500.5,8500,1,1
39.299999999997766,8498.5,8500,1,1
39.39999999999776,8497.0,8500,1,1
39.499999999997755,8501.0,8500,1,1
39.59999999999775,8501.5,8500,1,1
39.69999999999774,8498.5,8500,1,1
39.79999999999774,8498.0,8500,1,1
39.89999999999773,8501.5,8500,1,1
39.999999999997726,8499.5,8500,1,1
40.09999999999772,8499.0,8500,1,1
40.199999999997715,8501.5,8500,1,1
40.29999999999771,8497.0,8500,1,1
40.3999999999977,8499.0,8500,1,1
40.4999999999977,8500.5,8500,1,1
40.59999999999769,8498.0,8500,1,1
40.69999999999769,8501.5,8500,1,1
40.79999999999768,8496.0,8500,1,1
40.899999999997675,8498.0,8500,1,1
40.99999999999767,8502.5,8500,1,1
41.099999999997664,8497.0,8500,1,1
41.19999999999766,8499.5,8500,1,1
41.29999999999765,8498.0,8500,1,1
41.39999999999765,8500.5,8500,1,1
41.49999999999764,8499.0,8500,1,1
41.599999999997635,8499.5,8500,1,1
41.69999999999763,8497.0,8500,1,1
41.799999999997624,8500.0,8500,1,1
41.89999999999762,8499.5,8500,1,1
41.99999999999761,8498.0,8500,1,1
42.09999999999761,8500.5,8500,1,1
42.1999999999976,8499.0,8500,1,1
42.299999999997596,8499.0,8500,1,1
42.39999999999759,8500.5,8500,1,1
42.499999999997584,8499.5,8500,1,1
42.59999999999758,8498.0,8500,1,1
42.69999999999757,8500.5,8500,1,1
42.79999999999757,8496.0,8500,1,1
42.89999999999756,8500.5,8500,1,1
42.999999999997556,8499.0,8500,1,1
43.09999999999755,8499.0,8500,1,1
43.199999999997544,8500.0,8500,1,1
43.29999999999754,8499.5,8500,1,1
43.39999999999753,8498.0,8500,1,1
43.49999999999753,8502.5,8500,1,1
43.59999999999752,8498.0,8500,1,1
43.699999999997516,8500.5,8500,1,1
43.79999999999751,8499.0,8500,1,1
43.899999999997505,8501.5,8492,1,1
43.9999999999975,8498.5,8417,1,1
44.09999999999749,8494.0,8342,1,1
44.19999999999749,8396.5,8267,1,1
44.29999999999748,8308.0,8192,1,1
44.399999999997476,8250.5,8117,1,1
44.49999999999747,8180.0,8042,1,1
44.599999999997465,8110.5,7967,1,1
44.69999999999746,8034.5,7892,1,1
44.79999999999745,7967.0,7817,1,1
44.89999999999745,7894.5,7742,1,1
44.99999999999744,7828.0,7667,1,1
45.099999999997436,7751.0,7592,1,1
45.19999999999743,7686.0,7517,1,1
45.299999999997425,7611.0,7442,1,1
45.39999999999742,7540.0,7367,1,1
45.499999999997414,7472.5,7292,1,1
45.59999999999741,7397.5,7217,1,1
45.6999999999974,7327.0,7142,1,1
45.7999999999974,7255.5,7067,1,1
45.89999999999739,7185.0,6992,1,1
45.999999999997385,7114.5,6917,1,1
46.09999999999738,7041.5,6842,1,1
46.199999999997374,6972.5,6767,1,1
46.29999999999737,6897.0,6692,1,1
46.39999999999736,6828.5,6617,1,1
46.49999999999736,6756.5,6542,1,1
46.59999999999735,6683.5,6467,1,1
46.699999999997345,6617.5,6392,1,1
46.79999999999734,6541.0,6317,1,1
46.899999999997334,6471.0,6242,1,1
46.99999999999733,6402.5,6167,1,1
47.09999999999732,6327.5,6092,1,1
47.19999999999732,6257.5,6017,1,1
47.29999999999731,6187.5,5942,1,1
47.399999999997306,6115.5,5867,1,1
47.4999999999973,6046.5,5792,1,1
47.599999999997294,5973.5,5717,1,1
47.69999999999729,5906.5,5642,1,1
47.79999999999728,5829.0,5567,1,1
47.89999999999728,5760.5,5492,1,1
47.99999999999727,5689.0,5417,1,1
48.099999999997266,5616.5,5351,1,0
48.19999999999726,5547.5,5309,1,0
48.299999999997254,5475.5,5384,1,0
48.39999999999725,5405.0,5459,1,0
48.49999999999724,5382.0,5534,1,1
48.59999999999724,5482.0,5609,1,1
48.69999999999723,5557.5,5684,1,1
48.799999999997226,5629.0,5759,1,1
48.89999999999722,5696.0,5834,1,1
48.999999999997215,5767.0,5864,1,1
49.09999999999721,5838.5,5939,1,1
49.1999999999972,5888.0,6014,1,1
49.2999999999972,5957.0,6059,1,1
49.39999999999719,6033.0,6021,1,1
49.499999999997186,6064.5,6068,1,1
49.59999999999718,6018.5,6063,1,1
49.699999999997175,6070.5,6108,1,1
49.79999999999717,6069.5,6045,1,1
49.89999999999716,6112.0,6043,1,1
49.99999999999716,6023.0,6013,1,1
50.09999999999715,6031.0,6004,1,1
50.19999999999715,6002.5,5968,1,1
50.29999999999714,5992.5,5913,1,1
50.399999999997135,5946.0,5951,1,1
50.49999999999713,5903.5,5948,1,1
50.599999999997124,5960.5,5971,1,1
50.69999999999712,5950.0,6008,1,1
50.79999999999711,5956.5,6058,1,1
50.89999999999711,5985.0,6033,1,1
50.9999999999971,6025.0,5991,1,1
51.099999999997095,6062.5,6009,1,1
51.19999999999709,6022.0,6066,1,1
51.299999999997084,5980.0,6077,1,1
51.39999999999708,6017.0,6023,1,1
51.49999999999707,6088.0,6074,1,1
51.59999999999707,6070.5,6024,1,1
51.69999999999706,6015.0,6063,1,1
51.799999999997056,6075.5,6064,1,1
51.89999999999705,6020.5,6062,1,1
51.999999999997044,6069.5,6047,1,1
52.09999999999704,6064.5,6019,1,1
52.19999999999703,6052.0,6031,1,1
52.29999999999703,6036.0,6028,1,1
52.39999999999702,6015.5,6041,1,1
52.499999999997016,6033.0,6079,1,1
52.59999999999701,6034.5,6029,1,1
52.699999999997004,6049.5,6025,1,1
52.799999999997,6081.0,5950,1,1
52.89999999999699,6010.0,5933,1,1
52.99999999999699,6010.0,5997,1,1
53.09999999999698,5931.0,5932,1,1
53.199999999996976,5936.0,5857,1,1
53.29999999999697,6001.5,5917,1,1
53.399999999996965,5908.5,5900,1,1
53.49999999999696,5850.5,5951,1,1
53.59999999999695,5923.0,5978,1,1
53.69999999999695,5906.0,5971,1,1
53.79999999999694,5976.0,5896,1,1
53.899999999996936,5982.5,5844,1,1
53.99999999999693,5872.0,5769,1,1
54.099999999996925,5812.5,5708,1,1
54.19999999999692,5746.0,5766,1,1
54.29999999999691,5695.0,5825,1,1
54.39999999999691,5789.5,5794,1,1
54.4999999999969,5838.0,5869,1,1
54.599999999996896,5799.0,5872,1,1
54.69999999999689,5884.5,5871,1,1
54.799999999996885,5872.5,5796,1,1
54.89999999999688,5862.5,5772,1,1
54.999999999996874,5772.5,5794,1,1
55.09999999999687,5767.5,5768,1,1
55.19999999999686,5792.0,5779,1,1
55.29999999999686,5766.5,5838,1,1
55.39999999999685,5790.0,5837,1,1
55.499999999996845,5856.0,5803,1,1
55.59999999999684,5829.5,5878,1,1
55.699999999996834,5803.0,5953,1,1
55.79999999999683,5898.0,5941,1,1
55.89999999999682,5960.0,5866,1,1
55.99999999999682,5931.5,5791,1,1
56.09999999999681,5840.0,5716,1,1
56.199999999996805,5769.5,5732,1,1
56.2999999999968,5706.5,5693,1,1
56.399999999996794,5723.5,5720,1,1
56.49999999999679,5692.5,5788,1,1
56.59999999999678,5735.5,5775,1,1
56.69999999999678,5802.0,5838,1,1
56.79999999999677,5783.0,5814,1,1
56.899999999996766,5844.0,5741,1,1
56.99999999999676,5801.5,5746,1,1
57.099999999996754,5726.0,5713,1,1
57.19999999999675,5732.5,5639,1,1
57.29999999999674,5694.5,5710,1,1
57.39999999999674,5635.5,5677,1,1
57.49999999999673,5713.5,5736,1,1
57.599999999996726,5681.0,5681,1,1
57.69999999999672,5742.5,5749,1,1
57.799999999996714,5675.0,5674,1,1
57.89999999999671,5751.5,5738,1,1
57.9999999999967,5670.5,5709,1,1
58.0999999999967,5744.5,5784,1,1
58.19999999999669,5711.5,5855,1,1
58.299999999996686,5805.0,5837,1,1
58.39999999999668,5866.5,5848,1,1
58.499999999996675,5841.0,5807,1,1
58.59999999999667,5838.5,5732,1,1
58.69999999999666,5784.5,5657,1,1
58.79999999999666,5709.5,5703,1,1
58.89999999999665,5649.0,5666,1,1
58.999999999996646,5701.5,5711,1,1
59.09999999999664,5667.0,5651,1,1
59.199999999996635,5714.0,5725,1,1
59.29999999999663,5644.0,5650,1,1
59.39999999999662,5724.5,5710,1,1
59.49999999999662,5647.0,5710,1,1
59.59999999999661,5724.5,5769,1,1
59.69999999999661,5720.0,5694,1,1
59.7999999999966,5773.5,5724,1,1
59.899999999996595,5689.0,5702,1,1
59.99999999999659,5716.0,5672,1,1
60.099999999996584,5689.5,5671,1,1
60.19999999999658,5663.0,5611,1,1
60.29999999999657,5662.0,5630,1,1
60.39999999999657,5598.0,5643,1,1
60.49999999999656,5632.0,5631,1,1
60.599999999996555,5636.0,5676,1,1
60.69999999999658,5639.5,5623,1,1
60.799999999996544,5638.5,5620,1,1
60.89999999999651,5675.0,5580,1,1
60.99999999999653,5606.0,5563,1,1
61.099999999996555,5609.0,5611,1,1
61.19999999999652,5564.5,5541,1,1
61.29999999999649,5564.5,5588,1,1
61.39999999999651,5613.5,5623,1,1
61.49999999999653,5534.5,5568,1,1
61.5999999999965,5604.5,5565,1,1
61.699999999996464,5622.5,5505,1,1
61.79999999999649,5549.0,5502,1,1
61.89999999999651,5554.0,5517,1,1
61.999999999996476,5485.5,5514,1,1
62.09999999999644,5508.0,5561,1,1
62.199999999996464,5514.0,5547,1,1
62.29999999999649,5523.0,5558,1,1
62.39999999999645,5569.0,5599,1,1
62.49999999999642,5551.5,5584,1,1
62.59999999999644,5567.5,5539,1,1
62.699999999996464,5601.5,5550,1,1
62.79999999999643,5575.0,5535,1,1
62.899999999996396,5528.5,5567,1,1
62.99999999999642,5541.5,5595,1,1
63.09999999999644,5542.5,5607,1,1
63.19999999999641,5580.0,5564,1,1
63.29999999999637,5606.0,5588,1,1
63.399999999996396,5604.0,5530,1,1
63.49999999999642,5557.5,5505,1,1
63.599999999996385,5578.5,5564,1,1
63.69999999999635,5505.0,5582,1,1
63.79999999999637,5510.0,5586,1,1
63.899999999996396,5582.5,5541,1,1
63.99999999999636,5579.5,5540,1,1
64.09999999999633,5525.0,5532,1,1
64.19999999999635,5530.5,5517,1,1
64.29999999999637,5523.5,5516,1,1
64.39999999999634,5515.0,5548,1,1
64.4999999999963,5525.0,5563,1,1
64.59999999999633,5558.0,5566,1,1
64.69999999999635,5567.5,5552,1,1
64.79999999999632,5560.0,5541,1,1
64.89999999999628,5543.0,5496,1,1
64.9999999999963,5529.0,5505,1,1
65.09999999999633,5489.0,5524,1,1
65.1999999999963,5512.0,5554,1,1
65.29999999999626,5537.0,5569,1,1
65.39999999999628,5565.0,5545,1,1
65.4999999999963,5564.0,5564,1,1
65.59999999999627,5549.5,5564,1,1
65.69999999999624,5566.5,5549,1,1
65.79999999999626,5555.0,5522,1,1
65.89999999999628,5537.0,5549,1,1
65.99999999999625,5523.0,5551,1,1
66.09999999999621,5556.5,5543,1,1
66.19999999999624,5546.5,5534,1,1
66.29999999999626,5535.0,5482,1,1
66.39999999999623,5521.0,5437,1,1
66.49999999999619,5459.5,5470,1,1
66.59999999999621,5431.0,5487,1,1
66.69999999999624,5479.5,5496,1,1
66.7999999999962,5494.5,5532,1,1
66.89999999999617,5508.0,5492,1,1
66.99999999999619,5529.5,5430,1,1
67.09999999999621,5472.5,5409,1,1
67.19999999999618,5404.5,5383,1,1
67.29999999999615,5397.0,5389,1,1
67.39999999999617,5379.5,5421,1,1
67.49999999999619,5397.5,5489,1,1
67.59999999999616,5441.0,5490,1,1
67.69999999999612,5508.0,5450,1,1
67.79999999999615,5483.5,5453,1,1
67.89999999999617,5440.5,5468,1,1
67.99999999999613,5458.0,5451,1,1
68.0999999999961,5465.5,5436,1,1
68.19999999999612,5441.5,5441,1,1
68.29999999999615,5435.5,5450,1,1
68.39999999999611,5448.5,5441,1,1
68.49999999999608,5448.0,5456,1,1
68.5999999999961,5449.0,5438,1,1
68.69999999999612,5448.5,5397,1,1
68.79999999999609,5425.5,5378,1,1
68.89999999999606,5379.5,5377,1,1
68.99999999999608,5376.0,5415,1,1
69.0999999999961,5382.5,5414,1,1
69.19999999999607,5423.5,5430,1,1
69.29999999999603,5421.5,5430,1,1
69.39999999999606,5432.5,5394,1,1
69.49999999999608,5420.5,5372,1,1
69.59999999999604,5375.5,5373,1,1
69.69999999999601,5366.5,5421,1,1
69.79999999999603,5381.0,5412,1,1
69.89999999999606,5427.5,5366,1,1
69.99999999999602,5399.5,5362,1,1
70.09999999999599,5351.0,5327,1,1
70.19999999999601,5351.5,5330,1,1
70.29999999999603,5322.5,5356,1,1
70.399999999996,5338.5,5346,1,1
70.49999999999596,5358.5,5288,1,1
70.59999999999599,5349.0,5240,1,1
70.69999999999601,5334.5,5243,1,1
70.79999999999598,5264.0,5259,1,1
70.89999999999594,5225.0,5303,1,1
70.99999999999596,5248.0,5271,1,1
71.09999999999599,5271.5,5297,1,1
71.19999999999595,5306.0,5300,1,1
71.29999999999592,5275.0,5276,1,1
71.39999999999594,5300.5,5252,1,1
71.49999999999596,5294.0,5215,1,1
71.59999999999593,5260.5,5236,1,1
71.6999999999959,5236.5,5281,1,1
71.79999999999592,5217.0,5356,1,1
71.89999999999594,5248.0,5371,1,1
71.99999999999591,5301.0,5296,1,1
72.09999999999587,5373.5,5293,1,1
72.1999999999959,5364.0,5218,1,1
72.29999999999592,5281.0,5227,1,1
72.39999999999588,5277.5,5233,1,1
72.49999999999585,5207.0,5249,1,1
72.59999999999587,5229.5,5188,1,1
72.6999999999959,5241.0,5153,1,1
72.79999999999586,5239.5,5214,1,1
72.89999999999583,5168.5,5247,1,1
72.99999999999585,5152.5,5216,1,1
73.09999999999587,5230.5,5256,1,1
73.19999999999584,5248.5,5196,1,1
73.2999999999958,5221.5,5129,1,1
73.39999999999583,5251.5,5099,1,1
73.49999999999585,5177.0,5136,1,1
73.59999999999582,5096.0,5176,1,1
73.69999999999578,5101.0,5245,1,1
73.7999999999958,5153.5,5263,1,1
73.89999999999583,5269.5,5233,1,1
73.9999999999958,5261.0,5209,1,1
74.09999999999576,5221.5,5206,1,1
74.19999999999578,5199.0,5217,1,1
74.2999999999958,5209.5,5220,1,1
74.39999999999577,5221.5,5207,1,1
74.49999999999574,5212.5,5157,1,1
74.59999999999576,5199.5,5103,1,1
74.69999999999578,5130.0,5110,1,1
74.79999999999575,5092.0,5135,1,1
74.89999999999571,5118.5,5179,1,1
74.99999999999574,5149.5,5170,1,1
75.09999999999576,5182.5,5095,1,1
75.19999999999573,5155.5,5078,1,1
75.29999999999569,5073.5,5039,1,1
75.39999999999571,5066.5,5081,1,1
75.49999999999574,5044.5,5097,1,1
75.5999999999957,5096.5,5172,1,1
75.69999999999567,5112.0,5186,1,1
75.79999999999569,5192.0,5147,1,1
75.89999999999571,5174.5,5119,1,1
75.99999999999568,5130.5,5065,1,1
76.09999999999565,5103.5,5071,1,1
76.19999999999567,5058.0,5116,1,1
76.29999999999569,5082.5,5129,1,1
76.39999999999566,5134.5,5130,1,1
76.49999999999562,5129.0,5093,1,1
76.59999999999565,5117.5,5101,1,1
76.69999999999567,5092.5,5056,1,1
76.79999999999563,5089.0,5090,1,1
76.8999999999956,5058.0,5101,1,1
76.99999999999562,5099.5,5045,1,1
77.09999999999565,5090.0,5012,1,1
77.19999999999561,5021.5,4968,1,1
77.29999999999558,4998.5,5024,1,1
77.3999999999956,4965.0,5038,1,1
77.49999999999562,5042.5,5005,1,1
77.59999999999559,5033.5,4981,1,1
77.69999999999555,4992.5,4938,1,1
77.79999999999558,4963.5,4964,1,1
77.8999999999956,4937.0,5025,1,1
77.99999999999557,4979.0,5038,1,1
78.09999999999553,5045.0,5018,1,1
78.19999999999555,5034.5,4982,1,1
78.29999999999558,5009.5,4956,1,1
78.39999999999554,4962.5,4918,1,1
78.49999999999551,4936.0,4880,1,1
78.59999999999553,4899.5,4913,1,1
78.69999999999555,4882.5,4903,1,1
78.79999999999552,4913.0,4963,1,1
78.89999999999549,4916.5,4982,1,1
78.99999999999551,4988.0,4992,1,1
79.09999999999553,4987.5,4917,1,1
79.1999999999955,4976.5,4887,1,1
79.29999999999546,4895.5,4841,1,1
79.39999999999549,4871.0,4869,1,1
79.49999999999551,4842.5,4880,1,1
79.59999999999548,4879.5,4870,1,1
79.69999999999544,4876.5,4869,1,1
79.79999999999546,4867.5,4823,1,1
79.89999999999549,4858.0,4821,1,1
79.99999999999545,4810.5,4853,1,1
80.09999999999542,4829.0,4851,1,1
80.19999999999544,4855.5,4853,1,1
80.29999999999546,4853.5,4858,1,1
80.39999999999543,4851.0,4870,1,1
80.4999999999954,4856.0,4902,1,1
80.59999999999542,4864.5,4911,1,1
80.69999999999544,4878.5,4953,1,1
80.7999999999954,4914.0,4960,1,1
80.89999999999537,4921.0,4950,1,1
80.9999999999954,4964.0,4936,1,1
81.09999999999542,4953.0,4981,1,1
81.19999999999538,4941.0,4969,1,1
81.29999999999535,4944.0,4958,1,1
81.39999999999537,4981.5,4908,1,1
81.4999999999954,4961.0,4848,1,1
81.59999999999536,4945.5,4894,1,1
81.69999999999533,4883.5,4892,1,1
81.79999999999535,4842.0,4912,1,1
81.89999999999537,4898.0,4915,1,1
81.99999999999534,4901.5,4931,1,1
82.0999999999953,4916.0,4941,1,1
82.19999999999533,4924.5,4928,1,1
82.29999999999535,4938.5,4902,1,1
82.39999999999532,4934.0,4875,1,1
82.49999999999528,4915.5,4845,1,1
82.5999999999953,4887.5,4831,1,1
82.69999999999533,4860.5,4854,1,1
82.7999999999953,4832.0,4929,1,1
82.89999999999526,4838.0,4995,1,1
82.99999999999528,4868.5,5021,1,1
83.0999999999953,4950.5,5045,1,1
83.19999999999527,5016.0,4995,1,1
83.29999999999524,5034.0,4932,1,1
83.39999999999526,5037.5,4857,1,1
83.49999999999528,4973.5,4815,1,1
83.59999999999525,4897.0,4841,1,1
83.69999999999521,4834.0,4861,1,1
83.79999999999524,4853.0,4889,1,1
83.89999999999526,4873.0,4897,1,1
83.99999999999523,4897.0,4900,1,1
84.09999999999519,4899.0,4921,1,1
84.19999999999521,4908.0,4941,1,1
84.29999999999524,4933.0,5007,1,1
84.3999999999952,4954.0,4966,1,1
84.49999999999517,5007.0,4916,1,1
84.59999999999519,4944.5,4841,1,1
84.69999999999521,4888.5,4816,1,1
84.79999999999518,4818.5,4826,1,1
84.89999999999515,4818.5,4901,1,1
84.99999999999517,4838.5,4976,1,1
85.09999999999519,4927.0,5039,1,1
85.19999999999516,4997.0,5032,1,1
85.29999999999512,5047.5,4982,1,1
85.39999999999515,5023.0,4995,1,1
85.49999999999517,4978.0,4973,1,1
85.59999999999513,4981.5,4966,1,1
85.6999999999951,4963.5,4906,1,1
85.79999999999512,4952.0,4901,1,1
85.89999999999515,4888.0,4910,1,1
85.99999999999511,4906.5,4925,1,1
86.09999999999508,4919.5,4934,1,1
86.1999999999951,4933.5,4948,1,1
86.29999999999512,4943.5,4994,1,1
86.39999999999509,4958.0,4975,1,1
86.49999999999505,4995.5,4977,1,1
86.59999999999508,4974.5,4902,1,1
86.6999999999951,4965.0,4891,1,1
86.79999999999507,4878.0,4869,1,1
86.89999999999503,4878.5,4861,1,1
86.99999999999505,4861.0,4880,1,1
87.09999999999508,4870.0,4932,1,1
87.19999999999504,4893.0,4979,1,1
87.29999999999501,4955.0,4987,1,1
87.39999999999503,4994.0,4956,1,1
87.49999999999505,4975.5,4923,1,1
87.59999999999502,4938.0,4893,1,1
87.69999999999499,4907.0,4891,1,1
87.79999999999501,4886.5,4876,1,1
87.89999999999503,4885.0,4894,1,1
87.999999999995,4886.5,4898,1,1
88.09999999999496,4898.5,4861,1,1
88.19999999999499,4888.0,4841,1,1
88.29999999999501,4844.0,4787,1,1
88.39999999999498,4827.0,4806,1,1
88.49999999999494,4783.0,4790,1,1
88.59999999999496,4803.0,4809,1,1
88.69999999999499,4792.5,4756,1,1
88.79999999999495,4804.0,4748,1,1
88.89999999999492,4738.5,4773,1,1
88.99999999999494,4754.5,4785,1,1
89.09999999999496,4781.5,4777,1,1
89.19999999999493,4779.0,4824,1,1
89.2999999999949,4786.0,4835,1,1
89.39999999999492,4840.0,4870,1,1
89.49999999999494,4847.0,4822,1,1
89.5999999999949,4864.5,4825,1,1
89.69999999999487,4812.0,4760,1,1
89.7999999999949,4808.0,4779,1,1
89.89999999999492,4749.5,4781,1,1
89.99999999999488,4776.5,4805,1,1
90.09999999999485,4789.5,4832,1,1
90.19999999999487,4818.0,4837,1,1
90.2999999999949,4837.5,4777,1,1
90.39999999999486,4836.0,4765,1,1
90.49999999999483,4821.5,4721,1,1
90.59999999999485,4755.5,4729,1,1
90.69999999999487,4749.0,4802,1,1
90.79999999999484,4719.0,4877,1,1
90.8999999999948,4742.5,4914,1,1
90.99999999999483,4822.5,4870,1,1
91.09999999999485,4902.0,4797,1,1
91.19999999999482,4915.0,4722,1,1
91.29999999999478,4849.5,4647,1,1
91.3999999999948,4773.5,4612,1,1
91.49999999999483,4693.0,4637,1,1
91.5999999999948,4627.0,4677,1,1
91.69999999999476,4616.0,4752,1,1
91.79999999999478,4651.5,4810,1,1
91.8999999999948,4696.5,4841,1,1
91.99999999999477,4775.0,4785,1,1
92.09999999999474,4828.5,4744,1,1
92.19999999999476,4834.5,4672,1,1
92.29999999999478,4763.0,4631,1,1
92.39999999999475,4716.0,4643,1,1
92.49999999999471,4645.5,4654,1,1
